Timestamp,Latitude,Longitude,RedPixels,OrangePixels,GreenPixels
2025-06-16 12-40-25,13.15,79.95,732,784,5150
2025-06-16 12-40-25,13.15,79.96,612,708,4499
2025-06-16 12-40-25,13.15,79.97,443,992,4053
2025-06-16 12-40-25,13.15,79.98,299,896,3547
2025-06-16 12-40-25,13.15,79.99,299,703,3714
2025-06-16 12-40-25,13.15,80,299,713,3361
2025-06-16 12-40-25,13.15,80.01,299,876,5871
2025-06-16 12-40-25,13.15,80.02,329,840,7937
2025-06-16 12-40-25,13.15,80.03,329,947,9633
2025-06-16 12-40-25,13.15,80.04,328,881,9559
2025-06-16 12-40-25,13.15,80.05,329,876,10302
2025-06-16 12-40-25,13.15,80.06,328,902,9542
2025-06-16 12-40-25,13.15,80.07,332,890,9404
2025-06-16 12-40-25,13.15,80.08,328,777,7789
2025-06-16 12-40-25,13.15,80.09,299,749,5996
2025-06-16 12-40-25,13.15,80.1,299,752,4491
2025-06-16 12-40-25,13.15,80.11,299,746,2915
2025-06-16 12-40-25,13.15,80.12,303,705,3129
2025-06-16 12-40-25,13.15,80.13,299,717,2730
2025-06-16 12-40-25,13.15,80.14,335,730,2510
2025-06-16 12-40-25,13.15,80.15,344,719,4044
2025-06-16 12-40-25,13.15,80.16,470,726,7277
2025-06-16 12-40-25,13.15,80.17,377,876,10717
2025-06-16 12-40-25,13.15,80.18,399,1390,15447
2025-06-16 12-40-25,13.15,80.19,544,1534,20099
2025-06-16 12-40-25,13.15,80.2,582,1719,21399
2025-06-16 12-40-25,13.15,80.21,540,1754,19817
2025-06-16 12-40-25,13.15,80.22,531,1701,20185
2025-06-16 12-40-25,13.15,80.23,484,1568,17973
2025-06-16 12-40-25,13.15,80.24,355,1378,16235
2025-06-16 12-40-25,13.15,80.25,354,1074,13694
2025-06-16 12-40-25,13.15,80.26,352,871,12750
2025-06-16 12-40-25,13.15,80.27,299,943,12545
2025-06-16 12-40-25,13.15,80.28,299,1024,10480
2025-06-16 12-40-25,13.15,80.29,299,1021,9086
2025-06-16 12-40-25,13.15,80.3,299,927,8950
2025-06-16 12-40-25,13.15,80.31,299,873,5880
2025-06-16 12-40-25,13.15,80.32,299,861,4882
2025-06-16 12-40-25,13.15,80.33,299,823,3448
2025-06-16 12-40-25,13.15,80.34,299,703,1191
2025-06-16 12-40-25,13.15,80.35,299,703,615
2025-06-16 12-40-25,13.15,80.36,299,703,615
2025-06-16 12-40-25,13.15,80.37,299,703,211
2025-06-16 12-40-25,13.15,80.38,299,703,211
2025-06-16 12-40-25,13.15,80.39,299,703,211
2025-06-16 12-40-25,13.16,79.95,299,1119,3686
2025-06-16 12-40-25,13.16,79.96,299,703,2911
2025-06-16 12-40-25,13.16,79.97,299,703,2308
2025-06-16 12-40-25,13.16,79.98,299,703,2075
2025-06-16 12-40-25,13.16,79.99,299,703,2537
2025-06-16 12-40-25,13.16,80,299,715,3433
2025-06-16 12-40-25,13.16,80.01,299,745,5398
2025-06-16 12-40-25,13.16,80.02,299,773,6644
2025-06-16 12-40-25,13.16,80.03,299,772,8374
2025-06-16 12-40-25,13.16,80.04,299,785,10963
2025-06-16 12-40-25,13.16,80.05,299,779,11528
2025-06-16 12-40-25,13.16,80.06,299,784,13962
2025-06-16 12-40-25,13.16,80.07,299,776,14393
2025-06-16 12-40-25,13.16,80.08,299,730,10314
2025-06-16 12-40-25,13.16,80.09,299,735,7402
2025-06-16 12-40-25,13.16,80.1,299,719,5117
2025-06-16 12-49-21,12.75,79.95,299,1365,6343
2025-06-16 12-49-21,12.75,79.96,342,1441,8946
2025-06-16 12-49-21,12.75,79.97,366,2189,11032
2025-06-16 12-49-21,12.75,79.98,581,2003,10026
2025-06-16 12-49-21,12.75,79.99,581,1813,10822
2025-06-16 12-49-21,12.75,80,582,1031,10532
2025-06-16 12-49-21,12.75,80.01,543,764,8408
2025-06-16 12-49-21,12.75,80.02,545,767,7725
2025-06-16 12-49-21,12.75,80.03,423,844,6008
2025-06-16 12-49-21,12.75,80.04,299,711,4903
2025-06-16 12-49-21,12.75,80.05,299,703,4576
2025-06-16 12-49-21,12.75,80.06,299,703,3550
2025-06-16 12-49-21,12.75,80.07,299,703,3211
2025-06-16 12-49-21,12.75,80.08,299,703,5271
2025-06-16 12-49-21,12.75,80.09,299,703,5614
2025-06-16 12-49-21,12.75,80.1,299,703,4821
2025-06-16 12-49-21,12.75,80.11,306,703,4486
2025-06-16 12-49-21,12.75,80.12,311,703,6585
2025-06-16 12-49-21,12.75,80.13,310,703,7290
2025-06-16 12-49-21,12.75,80.14,311,707,6933
2025-06-16 12-49-21,12.75,80.15,309,716,3306
2025-06-16 12-49-21,12.75,80.16,311,725,3734
2025-06-16 12-49-21,12.75,80.17,299,719,5782
2025-06-16 12-49-21,12.75,80.18,299,829,7113
2025-06-16 12-49-21,12.75,80.19,299,828,6809
2025-06-16 12-49-21,12.75,80.2,299,827,6365
2025-06-16 12-49-21,12.75,80.21,299,703,7788
2025-06-16 12-49-21,12.75,80.22,299,703,8334
2025-06-16 12-49-21,12.75,80.23,299,703,7881
2025-06-16 12-49-21,12.75,80.24,299,703,6002
2025-06-16 12-49-21,12.75,80.25,299,703,3213
2025-06-16 12-49-21,12.75,80.26,299,703,2647
2025-06-16 12-49-21,12.75,80.27,299,703,1940
2025-06-16 12-49-21,12.75,80.28,299,703,956
2025-06-16 12-49-21,12.75,80.29,299,703,615
2025-06-16 12-49-21,12.75,80.3,299,703,211
2025-06-16 12-49-21,12.75,80.31,299,703,211
2025-06-16 12-49-21,12.75,80.32,299,703,211
2025-06-16 12-49-21,12.75,80.33,299,703,211
2025-06-16 12-49-21,12.75,80.34,299,703,211
2025-06-16 12-49-21,12.75,80.35,299,703,211
2025-06-16 12-49-21,12.75,80.36,299,703,211
2025-06-16 12-49-21,12.75,80.37,299,703,211
2025-06-16 12-49-21,12.75,80.38,299,703,211
2025-06-16 12-49-21,12.75,80.39,299,703,211
2025-06-16 12-49-21,12.76,79.95,299,1226,7193
2025-06-16 12-49-21,12.76,79.96,343,1342,8745
2025-06-16 12-49-21,12.76,79.97,349,1914,9503
2025-06-16 12-49-21,12.76,79.98,623,1881,11570
2025-06-16 12-49-21,12.76,79.99,627,1890,10460
2025-06-16 12-49-21,12.76,80,484,1902,9165
2025-06-16 12-49-21,12.76,80.01,371,1772,7218
2025-06-16 12-49-21,12.76,80.02,345,1704,6313
2025-06-16 12-49-21,12.76,80.03,324,1189,4798
2025-06-16 12-49-21,12.76,80.04,299,788,4353
2025-06-16 12-49-21,12.76,80.05,299,722,2825
2025-06-16 12-49-21,12.76,80.06,299,705,2534
2025-06-16 12-49-21,12.76,80.07,299,703,2520
2025-06-16 12-49-21,12.76,80.08,299,703,5364
2025-06-16 12-49-21,12.76,80.09,299,703,5575
2025-06-16 12-49-21,12.76,80.1,299,703,5648
2025-06-16 12-49-21,12.76,80.11,299,703,4822
2025-06-16 12-49-21,12.76,80.12,299,705,6690
2025-06-16 12-49-21,12.76,80.13,299,705,7309
2025-06-16 12-49-21,12.76,80.14,299,705,6327
2025-06-16 12-49-21,12.76,80.15,299,706,3809
2025-06-16 12-49-21,12.76,80.16,301,714,3156
2025-06-16 12-49-21,12.76,80.17,299,714,3482
2025-06-16 12-49-21,12.76,80.18,299,711,5996
2025-06-16 12-49-21,12.76,80.19,299,709,6125
2025-06-16 12-49-21,12.76,80.2,299,726,6329
2025-06-16 12-49-21,12.76,80.21,299,726,6213
2025-06-16 12-49-21,12.76,80.22,299,710,8743
2025-06-16 12-49-21,12.76,80.23,299,709,7673
2025-06-16 12-49-21,12.76,80.24,299,703,6415
2025-06-16 12-49-21,12.76,80.25,299,703,3162
2025-06-16 12-49-21,12.76,80.26,299,703,3142
2025-06-16 12-49-21,12.76,80.27,299,703,2820
2025-06-16 12-49-21,12.76,80.28,299,703,1606
2025-06-16 12-49-21,12.76,80.29,299,703,615
2025-06-16 12-49-21,12.76,80.3,299,703,211
2025-06-16 12-49-21,12.76,80.31,299,703,211
2025-06-16 12-49-21,12.76,80.32,299,703,211
2025-06-16 12-49-21,12.76,80.33,299,703,211
2025-06-16 12-49-21,12.76,80.34,299,703,211
2025-06-16 12-49-21,12.76,80.35,299,703,211
2025-06-16 12-49-21,12.76,80.36,299,703,211
2025-06-16 12-49-21,12.76,80.37,299,703,211
2025-06-16 12-49-21,12.76,80.38,299,703,211
2025-06-16 12-49-21,12.76,80.39,299,703,211
2025-06-16 12-49-21,12.77,79.95,299,934,6632
2025-06-16 12-49-21,12.77,79.96,299,804,9340
2025-06-16 12-49-21,12.77,79.97,461,1058,10580
2025-06-16 12-49-21,12.77,79.98,598,1379,13676
2025-06-16 12-49-21,12.77,79.99,600,1236,11571
2025-06-16 12-49-21,12.77,80,497,1235,10873
2025-06-16 12-49-21,12.77,80.01,500,1588,8972
2025-06-16 12-49-21,12.77,80.02,458,1596,7086
2025-06-16 12-49-21,12.77,80.03,461,1103,4653
2025-06-16 12-49-21,12.77,80.04,299,752,3102
2025-06-16 12-49-21,12.77,80.05,299,703,2027
2025-06-16 12-49-21,12.77,80.06,299,703,2420
2025-06-16 12-49-21,12.77,80.07,299,703,2692
2025-06-16 12-49-21,12.77,80.08,299,703,5661
2025-06-16 12-49-21,12.77,80.09,299,703,6306
2025-06-16 12-49-21,12.77,80.1,299,703,6010
2025-06-16 12-49-21,12.77,80.11,299,703,5216
2025-06-16 12-49-21,12.77,80.12,299,703,7036
2025-06-16 12-49-21,12.77,80.13,299,703,7671
2025-06-16 12-49-21,12.77,80.14,299,703,5692
2025-06-16 12-49-21,12.77,80.15,299,703,4348
2025-06-17 10-52-34,12.75,79.95,299,1365,6979
2025-06-17 10-52-34,12.75,79.96,299,1489,6969
2025-06-17 10-52-34,12.75,79.97,355,2166,11065
2025-06-17 10-52-34,12.75,79.98,492,1872,10481
2025-06-17 10-52-34,12.75,79.99,494,1676,11275
2025-06-17 10-52-34,12.75,80,521,873,10568
2025-06-17 10-52-34,12.75,80.01,471,727,8488
2025-06-17 10-52-34,12.75,80.02,474,730,8322
2025-06-17 10-52-34,12.75,80.03,443,789,6885
2025-06-17 10-52-34,12.75,80.04,299,711,6147
2025-06-17 10-52-34,12.75,80.05,299,703,5778
2025-06-17 10-52-34,12.75,80.06,299,703,4734
2025-06-17 10-52-34,12.75,80.07,299,703,4225
2025-06-17 10-52-34,12.75,80.08,299,703,5676
2025-06-17 10-52-34,12.75,80.09,299,703,6020
2025-06-17 10-52-34,12.75,80.1,299,703,5229
2025-06-17 10-52-34,12.75,80.11,299,703,4813
2025-06-17 10-52-34,12.75,80.12,299,703,6857
2025-06-17 10-52-34,12.75,80.13,299,703,7372
2025-06-17 10-52-34,12.75,80.14,299,1123,6400
2025-06-17 10-52-34,12.75,80.15,299,716,2986
2025-06-17 10-52-34,12.75,80.16,299,725,3474
2025-06-17 10-52-34,12.75,80.17,299,719,5358
2025-06-17 10-52-34,12.75,80.18,299,705,7237
2025-06-17 10-52-34,12.75,80.19,299,703,6897
2025-06-17 10-52-34,12.75,80.2,299,703,6469
2025-06-17 10-52-34,12.75,80.21,299,703,7748
2025-06-17 10-52-34,12.75,80.22,299,703,8287
2025-06-17 10-52-34,12.75,80.23,299,703,7881
2025-06-17 10-52-34,12.75,80.24,299,703,6002
2025-06-17 10-52-34,12.75,80.25,299,703,3213
2025-06-17 10-52-34,12.75,80.26,299,703,2647
2025-06-17 10-52-34,12.75,80.27,299,703,1940
2025-06-17 10-52-34,12.75,80.28,299,703,956
2025-06-17 10-52-34,12.75,80.29,299,703,615
2025-06-17 10-52-34,12.75,80.3,299,703,211
2025-06-17 10-52-34,12.75,80.31,299,703,211
2025-06-17 10-52-34,12.75,80.32,299,703,211
2025-06-17 10-52-34,12.75,80.33,299,703,211
2025-06-17 10-52-34,12.75,80.34,299,703,211
2025-06-17 10-52-34,12.75,80.35,299,703,211
2025-06-17 10-52-34,12.75,80.36,299,703,211
2025-06-17 10-52-34,12.75,80.37,299,703,211
2025-06-17 10-52-34,12.75,80.38,299,703,211
2025-06-17 10-52-34,12.75,80.39,299,703,211
2025-06-17 10-52-34,12.76,79.95,299,1226,8239
2025-06-17 10-52-34,12.76,79.96,343,1342,9028
2025-06-17 10-52-34,12.76,79.97,349,1862,9096
2025-06-17 10-52-34,12.76,79.98,623,1784,11160
2025-06-17 10-52-34,12.76,79.99,627,1788,10916
2025-06-17 10-52-34,12.76,80,475,1794,9281
2025-06-17 10-52-34,12.76,80.01,353,1662,7403
2025-06-17 10-52-34,12.76,80.02,314,1679,6517
2025-06-17 10-52-34,12.76,80.03,299,1155,5129
2025-06-17 10-52-34,12.76,80.04,299,788,4906
2025-06-17 10-52-34,12.76,80.05,299,722,3094
2025-06-17 10-52-34,12.76,80.06,299,705,2669
2025-06-17 10-52-34,12.76,80.07,299,703,2588
2025-06-17 10-52-34,12.76,80.08,299,703,5368
2025-06-17 10-52-34,12.76,80.09,299,703,5732
2025-06-17 10-52-34,12.76,80.1,299,703,5810
2025-06-17 10-52-34,12.76,80.11,299,703,4709
2025-06-17 10-52-34,12.76,80.12,299,705,6609
2025-06-17 10-52-34,12.76,80.13,299,705,7653
2025-06-17 10-52-34,12.76,80.14,299,705,6712
2025-06-17 10-52-34,12.76,80.15,299,706,4190
2025-06-17 10-52-34,12.76,80.16,299,714,3061
2025-06-17 10-52-34,12.76,80.17,299,714,3497
2025-06-17 10-52-34,12.76,80.18,299,705,6146
2025-06-17 10-52-34,12.76,80.19,299,703,6150
2025-06-17 10-52-34,12.76,80.2,299,759,6312
2025-06-17 10-52-34,12.76,80.21,299,761,6197
2025-06-17 10-52-34,12.76,80.22,299,703,8767
2025-06-17 10-52-34,12.76,80.23,299,703,7699
2025-06-17 10-52-34,12.76,80.24,299,703,6415
2025-06-17 10-52-34,12.76,80.25,299,703,3162
2025-06-17 10-52-34,12.76,80.26,299,703,3142
2025-06-17 10-52-34,12.76,80.27,299,703,2820
2025-06-17 10-52-34,12.76,80.28,299,703,1606
2025-06-17 10-52-34,12.76,80.29,299,703,615
2025-06-17 10-52-34,12.76,80.3,299,703,211
2025-06-17 10-52-34,12.76,80.31,299,703,211
2025-06-17 10-52-34,12.76,80.32,299,703,211
2025-06-17 10-52-34,12.76,80.33,299,703,211
2025-06-17 10-52-34,12.76,80.34,299,703,211
2025-06-17 10-52-34,12.76,80.35,299,703,211
2025-06-17 10-52-34,12.76,80.36,299,703,211
2025-06-17 10-52-34,12.76,80.37,299,703,211
2025-06-17 10-52-34,12.76,80.38,299,703,211
2025-06-17 10-52-34,12.76,80.39,299,703,211
2025-06-17 10-52-34,12.77,79.95,299,934,7549
2025-06-17 10-52-34,12.77,79.96,299,804,9633
2025-06-17 10-52-34,12.77,79.97,438,1086,10656
2025-06-17 10-52-34,12.77,79.98,577,1404,13604
2025-06-17 10-52-34,12.77,79.99,577,1161,11221
2025-06-17 10-52-34,12.77,80,453,1188,10329
2025-06-17 10-52-34,12.77,80.01,454,1541,8648
2025-06-17 10-52-34,12.77,80.02,438,1538,7392
2025-06-17 10-52-34,12.77,80.03,438,1028,5177
2025-06-17 10-52-34,12.77,80.04,299,752,3222
2025-06-17 10-52-34,12.77,80.05,299,703,2033
2025-06-17 10-52-34,12.77,80.06,299,703,2417
2025-06-17 10-52-34,12.77,80.07,299,703,2692
2025-06-17 10-52-34,12.77,80.08,299,703,5713
2025-06-17 10-52-34,12.77,80.09,299,703,6399
2025-06-17 10-52-34,12.77,80.1,299,703,6059
2025-06-17 10-52-34,12.77,80.11,299,703,5110
2025-06-17 10-52-34,12.77,80.12,299,703,7054
2025-06-17 10-52-34,12.77,80.13,299,703,8356
2025-06-17 10-52-34,12.77,80.14,299,703,6314
2025-06-17 10-52-34,12.77,80.15,299,703,5144
2025-06-17 10-52-34,12.77,80.16,299,707,4339
2025-06-17 10-52-34,12.77,80.17,299,707,3953
2025-06-17 10-52-34,12.77,80.18,299,707,5081
2025-06-17 10-52-34,12.77,80.19,299,767,6684
2025-06-17 10-52-34,12.77,80.2,317,853,5850
2025-06-17 10-52-34,12.77,80.21,299,760,5919
2025-06-17 10-52-34,12.77,80.22,338,764,8948
2025-06-17 10-52-34,12.77,80.23,317,703,9469
2025-06-17 10-52-34,12.77,80.24,317,703,8702
2025-06-17 10-52-34,12.77,80.25,299,703,4746
2025-06-17 10-52-34,12.77,80.26,299,703,4070
2025-06-17 10-52-34,12.77,80.27,299,703,2832
2025-06-17 10-52-34,12.77,80.28,299,703,1519
2025-06-17 10-52-34,12.77,80.29,299,703,615
2025-06-17 10-52-34,12.77,80.3,299,703,211
2025-06-17 10-52-34,12.77,80.31,299,703,211
2025-06-17 10-52-34,12.77,80.32,299,703,211
2025-06-17 10-52-34,12.77,80.33,299,703,211
2025-06-17 10-52-34,12.77,80.34,299,703,211
2025-06-17 10-52-34,12.77,80.35,299,703,211
2025-06-17 10-52-34,12.77,80.36,299,703,211
2025-06-17 10-52-34,12.77,80.37,299,703,211
2025-06-17 10-52-34,12.77,80.38,299,703,211
2025-06-17 10-52-34,12.77,80.39,299,703,211
2025-06-17 10-52-34,12.78,79.95,299,738,6847
2025-06-17 10-52-34,12.78,79.96,299,740,10653
2025-06-17 10-52-34,12.78,79.97,438,798,10974
2025-06-17 10-52-34,12.78,79.98,438,789,12555
2025-06-17 10-52-34,12.78,79.99,603,960,11331
2025-06-17 10-52-34,12.78,80,465,1026,10685
2025-06-17 10-52-34,12.78,80.01,465,1062,9483
2025-06-17 10-52-34,12.78,80.02,577,996,6877
2025-06-17 10-52-34,12.78,80.03,438,839,3846
2025-06-17 10-52-34,12.78,80.04,299,789,3903
2025-06-17 10-52-34,12.78,80.05,299,703,3345
2025-06-17 10-52-34,12.78,80.06,299,703,2981
2025-06-17 10-52-34,12.78,80.07,299,703,3195
2025-06-17 10-52-34,12.78,80.08,299,703,4897
2025-06-17 10-52-34,12.78,80.09,299,703,5446
2025-06-17 10-52-34,12.78,80.1,299,703,4180
2025-06-17 10-52-34,12.78,80.11,299,703,4817
2025-06-17 10-52-34,12.78,80.12,299,703,7306
2025-06-17 10-52-34,12.78,80.13,299,715,9167
2025-06-17 10-52-34,12.78,80.14,299,723,7494
2025-06-17 10-52-34,12.78,80.15,299,742,5295
2025-06-17 10-52-34,12.78,80.16,299,756,4730
2025-06-17 10-52-34,12.78,80.17,299,755,4711
2025-06-17 10-52-34,12.78,80.18,307,741,5286
2025-06-17 10-52-34,12.78,80.19,308,832,7500
2025-06-17 10-52-34,12.78,80.2,332,931,7257
2025-06-17 10-52-34,12.78,80.21,305,1162,6847
2025-06-17 10-52-34,12.78,80.22,337,1208,8868
2025-06-17 10-52-34,12.78,80.23,318,770,9809
2025-06-17 10-52-34,12.78,80.24,318,773,8699
2025-06-17 10-52-34,12.78,80.25,300,714,5012
2025-06-17 10-52-34,12.78,80.26,299,703,4183
2025-06-17 10-52-34,12.78,80.27,299,703,3869
2025-06-17 10-52-34,12.78,80.28,299,703,2417
2025-06-17 10-52-34,12.78,80.29,299,703,615
2025-06-17 10-52-34,12.78,80.3,299,703,211
2025-06-17 10-52-34,12.78,80.31,299,703,211
2025-06-17 10-52-34,12.78,80.32,299,703,211
2025-06-17 10-52-34,12.78,80.33,299,703,211
2025-06-17 10-52-34,12.78,80.34,299,703,211
2025-06-17 10-52-34,12.78,80.35,299,703,211
2025-06-17 10-52-34,12.78,80.36,299,703,211
2025-06-17 10-52-34,12.78,80.37,299,703,211
2025-06-17 10-52-34,12.78,80.38,299,703,211
2025-06-17 10-52-34,12.78,80.39,299,703,211
2025-06-17 10-52-34,12.79,79.95,299,703,5605
2025-06-17 10-52-34,12.79,79.96,299,703,7651
2025-06-17 10-52-34,12.79,79.97,425,703,7589
2025-06-17 10-52-34,12.79,79.98,438,725,6235
2025-06-17 10-52-34,12.79,79.99,477,956,7314
2025-06-17 10-52-34,12.79,80,491,1171,7754
2025-06-17 10-52-34,12.79,80.01,489,1306,8506
2025-06-17 10-52-34,12.79,80.02,490,1210,6188
2025-06-17 10-52-34,12.79,80.03,365,996,4154
2025-06-17 10-52-34,12.79,80.04,351,964,3626
2025-06-17 10-52-34,12.79,80.05,311,920,3601
2025-06-17 10-52-34,12.79,80.06,312,1035,4017
2025-06-17 10-52-34,12.79,80.07,299,703,4186
2025-06-17 10-52-34,12.79,80.08,299,703,5345
2025-06-17 10-52-34,12.79,80.09,299,703,6108
2025-06-17 10-52-34,12.79,80.1,299,703,5888
2025-06-17 10-52-34,12.79,80.11,299,703,6225
2025-06-17 10-52-34,12.79,80.12,299,703,8930
2025-06-17 10-52-34,12.79,80.13,299,711,9053
2025-06-17 10-52-34,12.79,80.14,299,713,7419
2025-06-17 10-52-34,12.79,80.15,299,749,3901
2025-06-17 10-52-34,12.79,80.16,299,746,4705
2025-06-17 10-52-34,12.79,80.17,299,744,6458
2025-06-17 10-52-34,12.79,80.18,308,712,7391
2025-06-17 10-52-34,12.79,80.19,309,818,7429
2025-06-17 10-52-34,12.79,80.2,331,1278,7787
2025-06-17 10-52-34,12.79,80.21,305,1255,9121
2025-06-17 10-52-34,12.79,80.22,340,904,10813
2025-06-17 10-52-34,12.79,80.23,318,862,10055
2025-06-17 10-52-34,12.79,80.24,322,862,8978
2025-06-17 10-52-34,12.79,80.25,321,719,6231
2025-06-17 10-52-34,12.79,80.26,321,712,4351
2025-06-17 10-52-34,12.79,80.27,317,1125,3653
2025-06-17 10-52-34,12.79,80.28,299,703,1121
2025-06-17 10-52-34,12.79,80.29,299,703,615
2025-06-17 10-52-34,12.79,80.3,299,703,211
2025-06-17 10-52-34,12.79,80.31,299,703,211
2025-06-17 10-52-34,12.79,80.32,299,703,211
2025-06-17 10-52-34,12.79,80.33,299,703,211
2025-06-17 10-52-34,12.79,80.34,299,703,211
2025-06-17 10-52-34,12.79,80.35,299,703,211
2025-06-17 10-52-34,12.79,80.36,299,703,211
2025-06-17 10-52-34,12.79,80.37,299,703,211
2025-06-17 10-52-34,12.79,80.38,299,703,211
2025-06-17 10-52-34,12.79,80.39,299,703,211
2025-06-17 10-52-34,12.8,79.95,299,703,7123
2025-06-17 10-52-34,12.8,79.96,299,703,7277
2025-06-17 10-52-34,12.8,79.97,299,703,6738
2025-06-17 10-52-34,12.8,79.98,299,710,5047
2025-06-17 10-52-34,12.8,79.99,342,891,6343
2025-06-17 10-52-34,12.8,80,352,1306,8300
2025-06-17 10-52-34,12.8,80.01,342,1303,8033
2025-06-17 10-52-34,12.8,80.02,331,1288,6164
2025-06-17 10-52-34,12.8,80.03,342,897,5229
2025-06-17 10-52-34,12.8,80.04,315,890,4104
2025-06-17 10-52-34,12.8,80.05,299,887,5688
2025-06-17 10-52-34,12.8,80.06,341,894,5851
2025-06-17 10-52-34,12.8,80.07,341,766,5578
2025-06-17 10-52-34,12.8,80.08,299,703,4995
2025-06-17 10-52-34,12.8,80.09,299,703,5827
2025-06-17 10-52-34,12.8,80.1,299,703,7356
2025-06-17 10-52-34,12.8,80.11,327,766,8191
2025-06-17 10-52-34,12.8,80.12,299,703,10936
2025-06-17 10-52-34,12.8,80.13,299,704,8423
2025-06-17 10-52-34,12.8,80.14,299,704,7729
2025-06-17 10-52-34,12.8,80.15,299,704,6724
2025-06-17 10-52-34,12.8,80.16,299,703,7786
2025-06-17 10-52-34,12.8,80.17,299,718,8004
2025-06-17 10-52-34,12.8,80.18,308,721,7793
2025-06-17 10-52-34,12.8,80.19,310,770,6626
2025-06-17 10-52-34,12.8,80.2,426,1304,6897
2025-06-17 10-52-34,12.8,80.21,362,1342,10863
2025-06-17 10-52-34,12.8,80.22,360,1282,11285
2025-06-17 10-52-34,12.8,80.23,399,856,10635
2025-06-17 10-52-34,12.8,80.24,413,1197,8998
2025-06-17 10-52-34,12.8,80.25,349,785,5889
2025-06-17 10-52-34,12.8,80.26,322,1157,3878
2025-06-17 10-52-34,12.8,80.27,687,736,2523
2025-06-17 10-52-34,12.8,80.28,299,703,719
2025-06-17 10-52-34,12.8,80.29,299,703,615
2025-06-17 10-52-34,12.8,80.3,299,703,211
2025-06-17 10-52-34,12.8,80.31,299,703,211
2025-06-17 10-52-34,12.8,80.32,299,703,211
2025-06-17 10-52-34,12.8,80.33,299,703,211
2025-06-17 10-52-34,12.8,80.34,299,703,211
2025-06-17 10-52-34,12.8,80.35,299,703,211
2025-06-17 10-52-34,12.8,80.36,299,703,211
2025-06-17 10-52-34,12.8,80.37,299,703,211
2025-06-17 10-52-34,12.8,80.38,299,703,211
2025-06-17 10-52-34,12.8,80.39,299,703,211
2025-06-17 10-52-34,12.81,79.95,299,703,6976
2025-06-17 10-52-34,12.81,79.96,299,703,6431
2025-06-17 10-52-34,12.81,79.97,299,707,4760
2025-06-17 10-52-34,12.81,79.98,299,729,4795
2025-06-17 10-52-34,12.81,79.99,300,786,5216
2025-06-17 10-52-34,12.81,80,357,1187,7370
2025-06-17 10-52-34,12.81,80.01,356,1294,6197
2025-06-17 10-52-34,12.81,80.02,299,1317,5476
2025-06-17 10-52-34,12.81,80.03,299,1318,5643
2025-06-17 10-52-34,12.81,80.04,299,1384,4679
2025-06-17 10-52-34,12.81,80.05,299,1228,5965
2025-06-17 10-52-34,12.81,80.06,299,1228,5956
2025-06-17 10-52-34,12.81,80.07,299,788,5662
2025-06-17 10-52-34,12.81,80.08,299,703,4028
2025-06-17 10-52-34,12.81,80.09,299,705,4661
2025-06-17 10-52-34,12.81,80.1,299,705,6634
2025-06-17 10-52-34,12.81,80.11,299,703,8101
2025-06-17 10-52-34,12.81,80.12,299,703,5626
2025-06-17 10-52-34,12.81,80.13,299,703,6576
2025-06-17 10-52-34,12.81,80.14,299,708,7381
2025-06-17 10-52-34,12.81,80.15,299,717,10031
2025-06-17 10-52-34,12.81,80.16,299,732,10458
2025-06-17 10-52-34,12.81,80.17,299,736,9239
2025-06-17 10-52-34,12.81,80.18,299,734,8453
2025-06-17 10-52-34,12.81,80.19,301,718,7800
2025-06-17 10-52-34,12.81,80.2,301,776,8582
2025-06-17 10-52-34,12.81,80.21,302,1110,11319
2025-06-17 10-52-34,12.81,80.22,308,934,11534
2025-06-17 10-52-34,12.81,80.23,310,1072,9740
2025-06-17 10-52-34,12.81,80.24,301,1284,8503
2025-06-17 10-52-34,12.81,80.25,302,933,6434
2025-06-17 10-52-34,12.81,80.26,303,903,5352
2025-06-17 10-52-34,12.81,80.27,299,1274,2814
2025-06-17 10-52-34,12.81,80.28,299,703,694
2025-06-17 10-52-34,12.81,80.29,299,703,615
2025-06-17 10-52-34,12.81,80.3,299,703,211
2025-06-17 10-52-34,12.81,80.31,299,703,211
2025-06-17 10-52-34,12.81,80.32,299,703,211
2025-06-17 10-52-34,12.81,80.33,299,703,211
2025-06-17 10-52-34,12.81,80.34,299,703,211
2025-06-17 10-52-34,12.81,80.35,299,703,211
2025-06-17 10-52-34,12.81,80.36,299,703,211
2025-06-17 10-52-34,12.81,80.37,299,703,211
2025-06-17 10-52-34,12.81,80.38,299,703,211
2025-06-17 10-52-34,12.81,80.39,299,703,211
2025-06-17 10-52-34,12.82,79.95,299,703,6909
2025-06-17 10-52-34,12.82,79.96,299,703,5610
2025-06-17 10-52-34,12.82,79.97,299,706,4876
2025-06-17 10-52-34,12.82,79.98,299,766,4768
2025-06-17 10-52-34,12.82,79.99,299,805,4791
2025-06-17 10-52-34,12.82,80,310,1250,4037
2025-06-17 10-52-34,12.82,80.01,310,2206,5275
2025-06-17 10-52-34,12.82,80.02,311,3266,6154
2025-06-17 10-52-34,12.82,80.03,310,2304,5980
2025-06-17 10-52-34,12.82,80.04,299,1981,6349
2025-06-17 10-52-34,12.82,80.05,299,1839,7860
2025-06-17 10-52-34,12.82,80.06,299,1779,7616
2025-06-17 10-52-34,12.82,80.07,299,1252,6320
2025-06-17 10-52-34,12.82,80.08,299,762,4935
2025-06-17 10-52-34,12.82,80.09,299,773,4963
2025-06-17 10-52-34,12.82,80.1,299,820,7222
2025-06-17 10-52-34,12.82,80.11,299,769,6096
2025-06-17 10-52-34,12.82,80.12,299,704,4996
2025-06-17 10-52-34,12.82,80.13,299,773,8148
2025-06-17 10-52-34,12.82,80.14,299,817,11098
2025-06-17 10-52-34,12.82,80.15,299,818,13672
2025-06-17 10-52-34,12.82,80.16,299,789,13893
2025-06-17 10-52-34,12.82,80.17,299,742,10199
2025-06-17 10-52-34,12.82,80.18,299,747,8819
2025-06-17 10-52-34,12.82,80.19,299,707,7518
2025-06-17 10-52-34,12.82,80.2,301,828,8308
2025-06-17 10-52-34,12.82,80.21,302,870,11338
2025-06-17 10-52-34,12.82,80.22,300,847,9275
2025-06-17 10-52-34,12.82,80.23,302,769,8014
2025-06-17 10-52-34,12.82,80.24,300,769,7011
2025-06-17 10-52-34,12.82,80.25,302,831,6073
2025-06-17 10-52-34,12.82,80.26,304,811,6111
2025-06-17 10-52-34,12.82,80.27,299,792,2943
2025-06-17 10-52-34,12.82,80.28,299,703,692
2025-06-17 10-52-34,12.82,80.29,299,703,615
2025-06-17 10-52-34,12.82,80.3,299,703,211
2025-06-17 10-52-34,12.82,80.31,299,703,211
2025-06-17 10-52-34,12.82,80.32,299,703,211
2025-06-17 10-52-34,12.82,80.33,299,703,211
2025-06-17 10-52-34,12.82,80.34,299,703,211
2025-06-17 10-52-34,12.82,80.35,299,703,211
2025-06-17 10-52-34,12.82,80.36,299,703,211
2025-06-17 10-52-34,12.82,80.37,299,703,211
2025-06-17 10-52-34,12.82,80.38,299,703,211
2025-06-17 10-52-34,12.82,80.39,299,703,211
2025-06-17 10-52-34,12.83,79.95,299,703,6253
2025-06-17 10-52-34,12.83,79.96,299,703,5006
2025-06-17 10-52-34,12.83,79.97,299,704,5010
2025-06-17 10-52-34,12.83,79.98,299,725,4396
2025-06-17 10-52-34,12.83,79.99,299,729,3764
2025-06-17 10-52-34,12.83,80,299,881,2647
2025-06-17 10-52-34,12.83,80.01,299,1741,3128
2025-06-17 10-52-34,12.83,80.02,299,3095,5059
2025-06-17 10-52-34,12.83,80.03,299,2060,6283
2025-06-17 10-52-34,12.83,80.04,299,2052,7509
2025-06-17 10-52-34,12.83,80.05,306,2026,8459
2025-06-17 10-52-34,12.83,80.06,299,1979,8148
2025-06-17 10-52-34,12.83,80.07,299,1448,7044
2025-06-17 10-52-34,12.83,80.08,299,747,6106
2025-06-17 10-52-34,12.83,80.09,303,788,6214
2025-06-17 10-52-34,12.83,80.1,299,744,7633
2025-06-17 10-52-34,12.83,80.11,299,706,7209
2025-06-17 10-52-34,12.83,80.12,299,703,7063
2025-06-17 10-52-34,12.83,80.13,299,703,8640
2025-06-17 10-52-34,12.83,80.14,299,732,11978
2025-06-17 10-52-34,12.83,80.15,299,736,12381
2025-06-17 10-52-34,12.83,80.16,299,733,10841
2025-06-17 10-52-34,12.83,80.17,299,796,8557
2025-06-17 10-52-34,12.83,80.18,299,792,7883
2025-06-17 10-52-34,12.83,80.19,299,797,7452
2025-06-17 10-52-34,12.83,80.2,299,821,8284
2025-06-17 10-52-34,12.83,80.21,299,819,8223
2025-06-17 10-52-34,12.83,80.22,299,819,7372
2025-06-17 10-52-34,12.83,80.23,299,749,6211
2025-06-17 10-52-34,12.83,80.24,299,745,6496
2025-06-17 10-52-34,12.83,80.25,299,744,5075
2025-06-17 10-52-34,12.83,80.26,299,745,5548
2025-06-17 10-52-34,12.83,80.27,299,703,2174
2025-06-17 10-52-34,12.83,80.28,299,703,657
2025-06-17 10-52-34,12.83,80.29,299,703,615
2025-06-17 10-52-34,12.83,80.3,299,703,211
2025-06-17 10-52-34,12.83,80.31,299,703,211
2025-06-17 10-52-34,12.83,80.32,299,703,211
2025-06-17 10-52-34,12.83,80.33,299,703,211
2025-06-17 10-52-34,12.83,80.34,299,703,211
2025-06-17 10-52-34,12.83,80.35,299,703,211
2025-06-17 10-52-34,12.83,80.36,299,703,211
2025-06-17 10-52-34,12.83,80.37,299,703,211
2025-06-17 10-52-34,12.83,80.38,299,703,211
2025-06-17 10-52-34,12.83,80.39,299,703,211
2025-06-17 10-52-34,12.84,79.95,299,703,6707
2025-06-17 10-52-34,12.84,79.96,299,703,5636
2025-06-17 10-52-34,12.84,79.97,299,703,5963
2025-06-17 10-52-34,12.84,79.98,299,705,5523
2025-06-17 10-52-34,12.84,79.99,299,711,2426
2025-06-17 10-52-34,12.84,80,299,818,1826
2025-06-17 10-52-34,12.84,80.01,682,1544,2130
2025-06-17 10-52-34,12.84,80.02,299,3045,4831
2025-06-17 10-52-34,12.84,80.03,309,1907,5410
2025-06-17 10-52-34,12.84,80.04,311,2062,6342
2025-06-17 10-52-34,12.84,80.05,305,2055,7844
2025-06-17 10-52-34,12.84,80.06,299,1926,9703
2025-06-17 10-52-34,12.84,80.07,299,1423,8571
2025-06-17 10-52-34,12.84,80.08,299,910,7747
2025-06-17 10-52-34,12.84,80.09,303,924,6579
2025-06-17 10-52-34,12.84,80.1,299,745,6956
2025-06-17 10-52-34,12.84,80.11,299,786,7641
2025-06-17 10-52-34,12.84,80.12,299,785,8528
2025-06-17 10-52-34,12.84,80.13,299,833,9298
2025-06-17 10-52-34,12.84,80.14,299,901,11498
2025-06-17 10-52-34,12.84,80.15,299,825,10690
2025-06-17 10-52-34,12.84,80.16,299,821,9962
2025-06-17 10-52-34,12.84,80.17,299,839,9150
2025-06-17 10-52-34,12.84,80.18,299,844,7736
2025-06-17 10-52-34,12.84,80.19,299,815,6738
2025-06-17 10-52-34,12.84,80.2,311,790,6014
2025-06-17 10-52-34,12.84,80.21,314,825,7799
2025-06-17 10-52-34,12.84,80.22,311,823,7464
2025-06-17 10-52-34,12.84,80.23,314,825,6336
2025-06-17 10-52-34,12.84,80.24,311,814,6932
2025-06-17 10-52-34,12.84,80.25,131,280,6441
2025-06-17 10-52-34,12.84,80.26,299,813,5629
2025-06-17 10-52-34,12.84,80.27,299,703,2329
2025-06-17 10-52-34,12.84,80.28,299,703,645
2025-06-17 10-52-34,12.84,80.29,299,703,615
2025-06-17 10-52-34,12.84,80.3,299,703,211
2025-06-17 10-52-34,12.84,80.31,299,703,211
2025-06-17 10-52-34,12.84,80.32,299,703,211
2025-06-17 10-52-34,12.84,80.33,299,703,211
2025-06-17 10-52-34,12.84,80.34,299,703,211
2025-06-17 10-52-34,12.84,80.35,299,703,211
2025-06-17 10-52-34,12.84,80.36,299,703,211
2025-06-17 10-52-34,12.84,80.37,299,703,211
2025-06-17 10-52-34,12.84,80.38,299,703,211
2025-06-17 10-52-34,12.84,80.39,299,703,211
2025-06-17 10-52-34,12.85,79.95,299,703,10176
2025-06-17 10-52-34,12.85,79.96,299,703,8448
2025-06-17 10-52-34,12.85,79.97,299,703,6918
2025-06-17 10-52-34,12.85,79.98,299,703,3351
2025-06-17 10-52-34,12.85,79.99,299,703,2623
2025-06-17 10-52-34,12.85,80,299,705,2985
2025-06-17 10-52-34,12.85,80.01,299,718,2775
2025-06-17 10-52-34,12.85,80.02,299,1197,2998
2025-06-17 10-52-34,12.85,80.03,301,870,3507
2025-06-17 10-52-34,12.85,80.04,306,1034,4696
2025-06-17 10-52-34,12.85,80.05,300,1075,6322
2025-06-17 10-52-34,12.85,80.06,326,1133,7767
2025-06-17 10-52-34,12.85,80.07,168,2102,8154
2025-06-17 10-52-34,12.85,80.08,378,978,6529
2025-06-17 10-52-34,12.85,80.09,410,938,7028
2025-06-17 10-52-34,12.85,80.1,461,981,8391
2025-06-17 10-52-34,12.85,80.11,447,998,9235
2025-06-17 10-52-34,12.85,80.12,362,826,9122
2025-06-17 10-52-34,12.85,80.13,299,785,8637
2025-06-17 10-52-34,12.85,80.14,299,790,9777
2025-06-17 10-52-34,12.85,80.15,299,709,9846
2025-06-17 10-52-34,12.85,80.16,299,708,8837
2025-06-17 10-52-34,12.85,80.17,299,705,8652
2025-06-17 10-52-34,12.85,80.18,299,703,6295
2025-06-17 10-52-34,12.85,80.19,300,945,4976
2025-06-17 10-52-34,12.85,80.2,307,1295,6654
2025-06-17 10-52-34,12.85,80.21,309,1497,8561
2025-06-17 10-52-34,12.85,80.22,307,1400,8492
2025-06-17 10-52-34,12.85,80.23,309,1168,7151
2025-06-17 10-52-34,12.85,80.24,299,1208,6979
2025-06-17 10-52-34,12.85,80.25,299,1135,5304
2025-06-17 10-52-34,12.85,80.26,299,937,5385
2025-06-17 10-52-34,12.85,80.27,299,703,2700
2025-06-17 10-52-34,12.85,80.28,299,703,1058
2025-06-17 10-52-34,12.85,80.29,299,703,663
2025-06-17 10-52-34,12.85,80.3,299,703,211
2025-06-17 10-52-34,12.85,80.31,299,703,211
2025-06-17 10-52-34,12.85,80.32,299,703,211
2025-06-17 10-52-34,12.85,80.33,299,703,211
2025-06-17 10-52-34,12.85,80.34,299,703,211
2025-06-17 10-52-34,12.85,80.35,299,703,211
2025-06-17 10-52-34,12.85,80.36,299,703,211
2025-06-17 10-52-34,12.85,80.37,299,703,211
2025-06-17 10-52-34,12.85,80.38,299,703,211
2025-06-17 10-52-34,12.85,80.39,299,703,211
2025-06-17 10-52-34,12.86,79.95,299,703,11124
2025-06-17 10-52-34,12.86,79.96,299,703,12431
2025-06-17 10-52-34,12.86,79.97,299,703,10664
2025-06-17 10-52-34,12.86,79.98,299,704,7153
2025-06-17 10-52-34,12.86,79.99,299,704,4685
2025-06-17 10-52-34,12.86,80,299,704,3882
2025-06-17 10-52-34,12.86,80.01,299,712,3556
2025-06-17 10-52-34,12.86,80.02,299,721,3188
2025-06-17 10-52-34,12.86,80.03,299,706,2545
2025-06-17 10-52-34,12.86,80.04,301,966,4453
2025-06-17 10-52-34,12.86,80.05,323,1259,6359
2025-06-17 10-52-34,12.86,80.06,322,1403,6825
2025-06-17 10-52-34,12.86,80.07,324,1433,8082
2025-06-17 10-52-34,12.86,80.08,302,1465,8053
2025-06-17 10-52-34,12.86,80.09,396,1445,9049
2025-06-17 10-52-34,12.86,80.1,397,1374,9671
2025-06-17 10-52-34,12.86,80.11,392,1291,8538
2025-06-17 10-52-34,12.86,80.12,359,820,7726
2025-06-17 10-52-34,12.86,80.13,299,789,5673
2025-06-17 10-52-34,12.86,80.14,299,801,6728
2025-06-17 10-52-34,12.86,80.15,299,786,7158
2025-06-17 10-52-34,12.86,80.16,299,785,7210
2025-06-17 10-52-34,12.86,80.17,299,786,6349
2025-06-17 10-52-34,12.86,80.18,299,703,4437
2025-06-17 10-52-34,12.86,80.19,299,1047,4137
2025-06-17 10-52-34,12.86,80.2,338,1435,6146
2025-06-17 10-52-34,12.86,80.21,338,1799,7239
2025-06-17 10-52-34,12.86,80.22,338,1869,7987
2025-06-17 10-52-34,12.86,80.23,338,1620,6418
2025-06-17 10-52-34,12.86,80.24,338,1253,6784
2025-06-17 10-52-34,12.86,80.25,338,1285,5181
2025-06-17 10-52-34,12.86,80.26,309,1366,4890
2025-06-17 10-52-34,12.86,80.27,299,708,2369
2025-06-17 10-52-34,12.86,80.28,299,703,809
2025-06-17 10-52-34,12.86,80.29,299,703,663
2025-06-17 10-52-34,12.86,80.3,299,703,211
2025-06-17 10-52-34,12.86,80.31,299,703,211
2025-06-17 10-52-34,12.86,80.32,299,703,211
2025-06-17 10-52-34,12.86,80.33,299,703,211
2025-06-17 10-52-34,12.86,80.34,299,703,211
2025-06-17 10-52-34,12.86,80.35,299,703,211
2025-06-17 10-52-34,12.86,80.36,299,703,211
2025-06-17 10-52-34,12.86,80.37,299,703,211
2025-06-17 10-52-34,12.86,80.38,299,703,211
2025-06-17 10-52-34,12.86,80.39,299,703,211
2025-06-17 10-52-34,12.87,79.95,299,703,8987
2025-06-17 10-52-34,12.87,79.96,299,703,11156
2025-06-17 10-52-34,12.87,79.97,299,703,12334
2025-06-17 10-52-34,12.87,79.98,299,703,8979
2025-06-17 10-52-34,12.87,79.99,299,703,6994
2025-06-17 10-52-34,12.87,80,438,704,6071
2025-06-17 10-52-34,12.87,80.01,438,705,5140
2025-06-17 10-52-34,12.87,80.02,299,704,4489
2025-06-17 10-52-34,12.87,80.03,299,1120,3113
2025-06-17 10-52-34,12.87,80.04,299,819,4265
2025-06-17 10-52-34,12.87,80.05,424,1272,8981
2025-06-17 10-52-34,12.87,80.06,320,1348,10510
2025-06-17 10-52-34,12.87,80.07,320,1346,9793
2025-06-17 10-52-34,12.87,80.08,450,997,9676
2025-06-17 10-52-34,12.87,80.09,468,1109,9580
2025-06-17 10-52-34,12.87,80.1,478,1103,9757
2025-06-17 10-52-34,12.87,80.11,411,991,6981
2025-06-17 10-52-34,12.87,80.12,419,1006,5711
2025-06-17 10-52-34,12.87,80.13,411,1009,5230
2025-06-17 10-52-34,12.87,80.14,418,999,7640
2025-06-17 10-52-34,12.87,80.15,413,995,7117
2025-06-17 10-52-34,12.87,80.16,299,749,6703
2025-06-17 10-52-34,12.87,80.17,299,728,6272
2025-06-17 10-52-34,12.87,80.18,299,703,4519
2025-06-17 10-52-34,12.87,80.19,299,1047,4471
2025-06-17 10-52-34,12.87,80.2,299,1502,6039
2025-06-17 10-52-34,12.87,80.21,299,1564,6935
2025-06-17 10-52-34,12.87,80.22,299,1588,7977
2025-06-17 10-52-34,12.87,80.23,299,2184,6628
2025-06-17 10-52-34,12.87,80.24,299,2181,6754
2025-06-17 10-52-34,12.87,80.25,299,1812,5248
2025-06-17 10-52-34,12.87,80.26,299,1320,4922
2025-06-17 10-52-34,12.87,80.27,299,792,2160
2025-06-17 10-52-34,12.87,80.28,299,783,1613
2025-06-17 10-52-34,12.87,80.29,299,703,663
2025-06-17 10-52-34,12.87,80.3,299,703,211
2025-06-17 10-52-34,12.87,80.31,299,703,211
2025-06-17 10-52-34,12.87,80.32,299,703,211
2025-06-17 10-52-34,12.87,80.33,299,703,211
2025-06-17 10-52-34,12.87,80.34,299,703,211
2025-06-17 10-52-34,12.87,80.35,299,703,211
2025-06-17 10-52-34,12.87,80.36,299,703,211
2025-06-17 10-52-34,12.87,80.37,299,703,211
2025-06-17 10-52-34,12.87,80.38,299,703,211
2025-06-17 10-52-34,12.87,80.39,299,703,211
2025-06-17 10-52-34,12.88,79.95,299,703,7509
2025-06-17 10-52-34,12.88,79.96,299,703,9806
2025-06-17 10-52-34,12.88,79.97,299,703,8979
2025-06-17 10-52-34,12.88,79.98,299,706,7786
2025-06-17 10-52-34,12.88,79.99,438,706,7958
2025-06-17 10-52-34,12.88,80,438,1199,7489
2025-06-17 10-52-34,12.88,80.01,438,1642,7550
2025-06-17 10-52-34,12.88,80.02,299,1683,5919
2025-06-17 10-52-34,12.88,80.03,299,1546,4107
2025-06-17 10-52-34,12.88,80.04,303,1132,7279
2025-06-17 10-52-34,12.88,80.05,490,1683,12478
2025-06-17 10-52-34,12.88,80.06,458,1878,14141
2025-06-17 10-52-34,12.88,80.07,456,1603,13323
2025-06-17 10-52-34,12.88,80.08,454,1500,13107
2025-06-17 10-52-34,12.88,80.09,467,1383,13064
2025-06-17 10-52-34,12.88,80.1,471,1508,11836
2025-06-17 10-52-34,12.88,80.11,434,1486,9700
2025-06-17 10-52-34,12.88,80.12,301,1269,6054
2025-06-17 10-52-34,12.88,80.13,300,1022,4414
2025-06-17 10-52-34,12.88,80.14,396,1016,6089
2025-06-17 10-52-34,12.88,80.15,682,745,6641
2025-06-17 10-52-34,12.88,80.16,299,1133,6912
2025-06-17 10-52-34,12.88,80.17,299,1133,6251
2025-06-17 10-52-34,12.88,80.18,299,718,3981
2025-06-17 10-52-34,12.88,80.19,299,970,3824
2025-06-17 10-52-34,12.88,80.2,299,1768,5725
2025-06-17 10-52-34,12.88,80.21,299,2008,6364
2025-06-17 10-52-34,12.88,80.22,299,2004,8186
2025-06-17 10-52-34,12.88,80.23,299,2364,7533
2025-06-17 10-52-34,12.88,80.24,316,1948,7314
2025-06-17 10-52-34,12.88,80.25,317,1919,6098
2025-06-17 10-52-34,12.88,80.26,320,2296,6065
2025-06-17 10-52-34,12.88,80.27,299,1190,4024
2025-06-17 10-52-34,12.88,80.28,299,739,2629
2025-06-17 10-52-34,12.88,80.29,299,703,841
2025-06-17 10-52-34,12.88,80.3,299,703,615
2025-06-17 10-52-34,12.88,80.31,299,703,211
2025-06-17 10-52-34,12.88,80.32,299,703,211
2025-06-17 10-52-34,12.88,80.33,299,703,211
2025-06-17 10-52-34,12.88,80.34,299,703,211
2025-06-17 10-52-34,12.88,80.35,299,703,211
2025-06-17 10-52-34,12.88,80.36,299,703,211
2025-06-17 10-52-34,12.88,80.37,299,703,211
2025-06-17 10-52-34,12.88,80.38,299,703,211
2025-06-17 10-52-34,12.88,80.39,299,703,211
2025-06-17 10-52-34,12.89,79.95,299,703,5312
2025-06-17 10-52-34,12.89,79.96,299,703,6207
2025-06-17 10-52-34,12.89,79.97,299,703,5142
2025-06-17 10-52-34,12.89,79.98,299,713,4803
2025-06-17 10-52-34,12.89,79.99,438,716,5404
2025-06-17 10-52-34,12.89,80,438,1206,6839
2025-06-17 10-52-34,12.89,80.01,438,1644,7451
2025-06-17 10-52-34,12.89,80.02,438,1643,7488
2025-06-17 10-52-34,12.89,80.03,438,1607,7678
2025-06-17 10-52-34,12.89,80.04,440,1387,11720
2025-06-17 10-52-34,12.89,80.05,455,1481,13833
2025-06-17 10-52-34,12.89,80.06,431,2229,16111
2025-06-17 10-52-34,12.89,80.07,427,1935,13853
2025-06-17 10-52-34,12.89,80.08,429,1803,13958
2025-06-17 10-52-34,12.89,80.09,427,1424,13327
2025-06-17 10-52-34,12.89,80.1,428,1356,12083
2025-06-17 10-52-34,12.89,80.11,299,992,8983
2025-06-17 10-52-34,12.89,80.12,299,1213,5317
2025-06-17 10-52-34,12.89,80.13,299,705,5322
2025-06-17 10-52-34,12.89,80.14,299,706,4406
2025-06-17 10-52-34,12.89,80.15,299,1132,5070
2025-06-17 10-52-34,12.89,80.16,299,1132,5849
2025-06-17 10-52-34,12.89,80.17,480,1190,6249
2025-06-17 10-52-34,12.89,80.18,541,789,5836
2025-06-17 10-52-34,12.89,80.19,694,1282,4971
2025-06-17 10-52-34,12.89,80.2,693,1963,7755
2025-06-17 10-52-34,12.89,80.21,465,1820,7728
2025-06-17 10-52-34,12.89,80.22,514,1795,9434
2025-06-17 10-52-34,12.89,80.23,529,1445,8607
2025-06-17 10-52-34,12.89,80.24,353,1106,8514
2025-06-17 10-52-34,12.89,80.25,299,1118,6661
2025-06-17 10-52-34,12.89,80.26,299,1443,6333
2025-06-17 10-52-34,12.89,80.27,299,1053,3030
2025-06-17 10-52-34,12.89,80.28,299,1098,2469
2025-06-17 10-52-34,12.89,80.29,299,703,680
2025-06-17 10-52-34,12.89,80.3,299,703,211
2025-06-18 08-59-21,12.75,79.95,299,1367,4542
2025-06-18 08-59-21,12.75,79.96,342,1521,6572
2025-06-18 08-59-21,12.75,79.97,364,2240,9348
2025-06-18 08-59-21,12.75,79.98,505,1984,8811
2025-06-18 08-59-21,12.75,79.99,503,1797,9944
2025-06-18 08-59-21,12.75,80,484,1458,9822
2025-06-18 08-59-21,12.75,80.01,839,845,8140
2025-06-18 08-59-21,12.75,80.02,842,851,7571
2025-06-18 08-59-21,12.75,80.03,795,805,6340
2025-06-18 08-59-21,12.75,80.04,682,711,5584
2025-06-18 08-59-21,12.75,80.05,682,703,5194
2025-06-18 08-59-21,12.75,80.06,299,703,4226
2025-06-18 08-59-21,12.75,80.07,299,703,3622
2025-06-18 08-59-21,12.75,80.08,299,703,5410
2025-06-18 08-59-21,12.75,80.09,299,703,5689
2025-06-18 08-59-21,12.75,80.1,299,703,4910
2025-06-18 08-59-21,12.75,80.11,299,703,3873
2025-06-18 08-59-21,12.75,80.12,299,703,5187
2025-06-18 08-59-21,12.75,80.13,299,703,5593
2025-06-18 08-59-21,12.75,80.14,299,707,5225
2025-06-18 08-59-21,12.75,80.15,299,716,2474
2025-06-18 08-59-21,12.75,80.16,299,725,2947
2025-06-18 08-59-21,12.75,80.17,299,719,5026
2025-06-18 08-59-21,12.75,80.18,299,705,7114
2025-06-18 08-59-21,12.75,80.19,299,703,6897
2025-06-18 08-59-21,12.75,80.2,299,703,6469
2025-06-18 08-59-21,12.75,80.21,299,703,7920
2025-06-18 08-59-21,12.75,80.22,299,703,8286
2025-06-18 08-59-21,12.75,80.23,299,703,7882
2025-06-18 08-59-21,12.75,80.24,299,703,6002
2025-06-18 08-59-21,12.75,80.25,299,703,3213
2025-06-18 08-59-21,12.75,80.26,299,703,2647
2025-06-18 08-59-21,12.75,80.27,299,703,1940
2025-06-18 08-59-21,12.75,80.28,299,703,956
2025-06-18 08-59-21,12.75,80.29,299,703,615
2025-06-18 08-59-21,12.75,80.3,299,703,211
2025-06-18 08-59-21,12.75,80.31,299,703,211
2025-06-18 08-59-21,12.75,80.32,299,703,211
2025-06-18 08-59-21,12.75,80.33,299,703,211
2025-06-18 08-59-21,12.75,80.34,299,703,211
2025-06-18 08-59-21,12.75,80.35,299,703,211
2025-06-18 08-59-21,12.75,80.36,299,703,211
2025-06-18 08-59-21,12.75,80.37,299,703,211
2025-06-18 08-59-21,12.75,80.38,299,703,211
2025-06-18 08-59-21,12.75,80.39,299,703,211
2025-06-18 08-59-21,12.76,79.95,299,1200,7001
2025-06-18 08-59-21,12.76,79.96,343,1876,7810
2025-06-18 08-59-21,12.76,79.97,349,2311,8448
2025-06-18 08-59-21,12.76,79.98,623,2272,10781
2025-06-18 08-59-21,12.76,79.99,627,2273,9683
2025-06-18 08-59-21,12.76,80,845,1820,7461
2025-06-18 08-59-21,12.76,80.01,729,1755,5734
2025-06-18 08-59-21,12.76,80.02,706,1690,5112
2025-06-18 08-59-21,12.76,80.03,682,1165,3810
2025-06-18 08-59-21,12.76,80.04,682,788,3804
2025-06-18 08-59-21,12.76,80.05,299,1138,2427
2025-06-18 08-59-21,12.76,80.06,299,705,2533
2025-06-18 08-59-21,12.76,80.07,299,703,2520
2025-06-18 08-59-21,12.76,80.08,299,703,5315
2025-06-18 08-59-21,12.76,80.09,299,703,5656
2025-06-18 08-59-21,12.76,80.1,299,703,5733
2025-06-18 08-59-21,12.76,80.11,299,703,4731
2025-06-18 08-59-21,12.76,80.12,299,705,5459
2025-06-18 08-59-21,12.76,80.13,299,705,5945
2025-06-18 08-59-21,12.76,80.14,299,705,5072
2025-06-18 08-59-21,12.76,80.15,299,706,3109
2025-06-18 08-59-21,12.76,80.16,300,714,2398
2025-06-18 08-59-21,12.76,80.17,299,714,2369
2025-06-18 08-59-21,12.76,80.18,299,705,5696
2025-06-18 08-59-21,12.76,80.19,299,703,6150
2025-06-18 08-59-21,12.76,80.2,299,759,6312
2025-06-18 08-59-21,12.76,80.21,299,761,6197
2025-06-18 08-59-21,12.76,80.22,299,703,8766
2025-06-18 08-59-21,12.76,80.23,299,703,7699
2025-06-18 08-59-21,12.76,80.24,299,703,6415
2025-06-18 08-59-21,12.76,80.25,299,703,3162
2025-06-18 08-59-21,12.76,80.26,299,703,3142
2025-06-18 08-59-21,12.76,80.27,299,703,2820
2025-06-18 08-59-21,12.76,80.28,299,703,1606
2025-06-18 08-59-21,12.76,80.29,299,703,615
2025-06-18 08-59-21,12.76,80.3,299,703,211
2025-06-18 08-59-21,12.76,80.31,299,703,211
2025-06-18 08-59-21,12.76,80.32,299,703,211
2025-06-18 08-59-21,12.76,80.33,299,703,211
2025-06-18 08-59-21,12.76,80.34,299,703,211
2025-06-18 08-59-21,12.76,80.35,299,703,211
2025-06-18 08-59-21,12.76,80.36,299,703,211
2025-06-18 08-59-21,12.76,80.37,299,703,211
2025-06-18 08-59-21,12.76,80.38,299,703,211
2025-06-18 08-59-21,12.76,80.39,299,703,211
2025-06-18 08-59-21,12.77,79.95,299,934,5173
2025-06-18 08-59-21,12.77,79.96,299,804,7079
2025-06-18 08-59-21,12.77,79.97,461,983,8238
2025-06-18 08-59-21,12.77,79.98,598,1421,11690
2025-06-18 08-59-21,12.77,79.99,600,1179,9978
2025-06-18 08-59-21,12.77,80,461,1127,9542
2025-06-18 08-59-21,12.77,80.01,461,1487,8362
2025-06-18 08-59-21,12.77,80.02,821,1506,6689
2025-06-18 08-59-21,12.77,80.03,821,984,4566
2025-06-18 08-59-21,12.77,80.04,682,752,2819
2025-06-18 08-59-21,12.77,80.05,682,703,1629
2025-06-18 08-59-21,12.77,80.06,299,703,2417
2025-06-18 08-59-21,12.77,80.07,299,703,2692
2025-06-18 08-59-21,12.77,80.08,299,703,6318
2025-06-18 08-59-21,12.77,80.09,299,703,7249
2025-06-18 08-59-21,12.77,80.1,299,703,7116
2025-06-18 08-59-21,12.77,80.11,299,703,5981
2025-06-18 08-59-21,12.77,80.12,299,703,6906
2025-06-18 08-59-21,12.77,80.13,299,703,7471
2025-06-18 08-59-21,12.77,80.14,299,703,5401
2025-06-18 08-59-21,12.77,80.15,299,703,4031
2025-06-18 08-59-21,12.77,80.16,299,707,2855
2025-06-18 08-59-21,12.77,80.17,299,707,3068
2025-06-18 08-59-21,12.77,80.18,299,707,5027
2025-06-18 08-59-21,12.77,80.19,299,807,6655
2025-06-18 08-59-21,12.77,80.2,317,916,5774
2025-06-18 08-59-21,12.77,80.21,299,823,6015
2025-06-18 08-59-21,12.77,80.22,338,777,8928
2025-06-18 08-59-21,12.77,80.23,299,728,9463
2025-06-18 08-59-21,12.77,80.24,299,729,8693
2025-06-18 08-59-21,12.77,80.25,299,722,4720
2025-06-18 08-59-21,12.77,80.26,299,703,4070
2025-06-18 08-59-21,12.77,80.27,299,703,2834
2025-06-18 08-59-21,12.77,80.28,299,703,1519
2025-06-18 08-59-21,12.77,80.29,299,703,615
2025-06-18 08-59-21,12.77,80.3,299,703,211
2025-06-18 08-59-21,12.77,80.31,299,703,211
2025-06-18 08-59-21,12.77,80.32,299,703,211
2025-06-18 08-59-21,12.77,80.33,299,703,211
2025-06-18 08-59-21,12.77,80.34,299,703,211
2025-06-18 08-59-21,12.77,80.35,299,703,211
2025-06-18 08-59-21,12.77,80.36,299,703,211
2025-06-18 08-59-21,12.77,80.37,299,703,211
2025-06-18 08-59-21,12.77,80.38,299,703,211
2025-06-18 08-59-21,12.77,80.39,299,703,211
2025-06-18 08-59-21,12.78,79.95,299,1119,4420
2025-06-18 08-59-21,12.78,79.96,299,1119,7867
2025-06-18 08-59-21,12.78,79.97,438,1155,8474
2025-06-18 08-59-21,12.78,79.98,834,789,10775
2025-06-18 08-59-21,12.78,79.99,993,972,9748
2025-06-18 08-59-21,12.78,80,913,969,9328
2025-06-18 08-59-21,12.78,80.01,930,995,8499
2025-06-18 08-59-21,12.78,80.02,970,978,6329
2025-06-18 08-59-21,12.78,80.03,821,839,3434
2025-06-18 08-59-21,12.78,80.04,299,1205,3500
2025-06-18 08-59-21,12.78,80.05,682,703,2941
2025-06-18 08-59-21,12.78,80.06,299,703,2999
2025-06-18 08-59-21,12.78,80.07,299,703,3470
2025-06-18 08-59-21,12.78,80.08,299,703,5783
2025-06-18 08-59-21,12.78,80.09,299,703,7373
2025-06-18 08-59-21,12.78,80.1,299,703,6239
2025-06-18 08-59-21,12.78,80.11,299,703,6393
2025-06-18 08-59-21,12.78,80.12,299,703,7956
2025-06-18 08-59-21,12.78,80.13,299,715,8150
2025-06-18 08-59-21,12.78,80.14,299,723,6633
2025-06-18 08-59-21,12.78,80.15,299,742,3836
2025-06-18 08-59-21,12.78,80.16,299,756,2534
2025-06-18 08-59-21,12.78,80.17,299,755,3288
2025-06-18 08-59-21,12.78,80.18,307,741,4355
2025-06-18 08-59-21,12.78,80.19,308,893,7053
2025-06-18 08-59-21,12.78,80.2,311,883,7140
2025-06-18 08-59-21,12.78,80.21,327,996,7016
2025-06-18 08-59-21,12.78,80.22,322,832,8899
2025-06-18 08-59-21,12.78,80.23,300,791,9813
2025-06-18 08-59-21,12.78,80.24,300,798,8695
2025-06-18 08-59-21,12.78,80.25,300,720,5009
2025-06-18 08-59-21,12.78,80.26,299,703,4186
2025-06-18 08-59-21,12.78,80.27,299,1119,3468
2025-06-18 08-59-21,12.78,80.28,299,703,2417
2025-06-18 08-59-21,12.78,80.29,299,703,615
2025-06-18 08-59-21,12.78,80.3,299,703,211
2025-06-18 08-59-21,12.78,80.31,299,703,211
2025-06-18 08-59-21,12.78,80.32,299,703,211
2025-06-18 08-59-21,12.78,80.33,299,703,211
2025-06-18 08-59-21,12.78,80.34,299,703,211
2025-06-18 08-59-21,12.78,80.35,299,703,211
2025-06-18 08-59-21,12.78,80.36,299,703,211
2025-06-18 08-59-21,12.78,80.37,299,703,211
2025-06-18 08-59-21,12.78,80.38,299,703,211
2025-06-18 08-59-21,12.78,80.39,299,703,211
2025-06-18 08-59-21,12.79,79.95,299,703,5605
2025-06-18 08-59-21,12.79,79.96,682,703,7247
2025-06-18 08-59-21,12.79,79.97,808,703,7185
2025-06-18 08-59-21,12.79,79.98,821,725,5831
2025-06-18 08-59-21,12.79,79.99,897,918,6910
2025-06-18 08-59-21,12.79,80,512,1150,7497
2025-06-18 08-59-21,12.79,80.01,514,1282,8416
2025-06-18 08-59-21,12.79,80.02,453,1254,6088
2025-06-18 08-59-21,12.79,80.03,330,1038,4023
2025-06-18 08-59-21,12.79,80.04,697,1008,3083
2025-06-18 08-59-21,12.79,80.05,682,934,3066
2025-06-18 08-59-21,12.79,80.06,299,1050,4166
2025-06-18 08-59-21,12.79,80.07,299,703,4186
2025-06-18 08-59-21,12.79,80.08,299,703,5700
2025-06-18 08-59-21,12.79,80.09,299,703,7972
2025-06-18 08-59-21,12.79,80.1,299,703,8228
2025-06-18 08-59-21,12.79,80.11,299,703,8912
2025-06-18 08-59-21,12.79,80.12,299,703,10813
2025-06-18 08-59-21,12.79,80.13,299,711,9468
2025-06-18 08-59-21,12.79,80.14,299,713,7673
2025-06-18 08-59-21,12.79,80.15,299,749,4023
2025-06-18 08-59-21,12.79,80.16,299,746,3932
2025-06-18 08-59-21,12.79,80.17,299,744,5408
2025-06-18 08-59-21,12.79,80.18,308,712,6396
2025-06-18 08-59-21,12.79,80.19,308,914,7324
2025-06-18 08-59-21,12.79,80.2,309,983,7842
2025-06-18 08-59-21,12.79,80.21,305,1043,9234
2025-06-18 08-59-21,12.79,80.22,322,1044,10686
2025-06-18 08-59-21,12.79,80.23,300,860,10099
2025-06-18 08-59-21,12.79,80.24,302,860,9016
2025-06-18 08-59-21,12.79,80.25,300,804,6175
2025-06-18 08-59-21,12.79,80.26,299,725,4374
2025-06-18 08-59-21,12.79,80.27,299,1141,3677
2025-06-18 08-59-21,12.79,80.28,299,703,1121
2025-06-18 08-59-21,12.79,80.29,299,703,615
2025-06-18 08-59-21,12.79,80.3,299,703,211
2025-06-18 08-59-21,12.79,80.31,299,703,211
2025-06-18 08-59-21,12.79,80.32,299,703,211
2025-06-18 08-59-21,12.79,80.33,299,703,211
2025-06-18 08-59-21,12.79,80.34,299,703,211
2025-06-18 08-59-21,12.79,80.35,299,703,211
2025-06-18 08-59-21,12.79,80.36,299,703,211
2025-06-18 08-59-21,12.79,80.37,299,703,211
2025-06-18 08-59-21,12.79,80.38,299,703,211
2025-06-18 08-59-21,12.79,80.39,299,703,211
2025-06-18 08-59-21,12.8,79.95,299,703,7123
2025-06-18 08-59-21,12.8,79.96,299,703,7277
2025-06-18 08-59-21,12.8,79.97,299,703,6738
2025-06-18 08-59-21,12.8,79.98,299,710,5047
2025-06-18 08-59-21,12.8,79.99,399,826,6344
2025-06-18 08-59-21,12.8,80,371,1333,8157
2025-06-18 08-59-21,12.8,80.01,373,1316,7887
2025-06-18 08-59-21,12.8,80.02,372,1290,6018
2025-06-18 08-59-21,12.8,80.03,372,868,5222
2025-06-18 08-59-21,12.8,80.04,372,830,4098
2025-06-18 08-59-21,12.8,80.05,355,829,5716
2025-06-18 08-59-21,12.8,80.06,299,879,6122
2025-06-18 08-59-21,12.8,80.07,299,750,5695
2025-06-18 08-59-21,12.8,80.08,299,703,5002
2025-06-18 08-59-21,12.8,80.09,299,703,6971
2025-06-18 08-59-21,12.8,80.1,299,703,9453
2025-06-18 08-59-21,12.8,80.11,299,750,9946
2025-06-18 08-59-21,12.8,80.12,299,703,12119
2025-06-18 08-59-21,12.8,80.13,299,739,8692
2025-06-18 08-59-21,12.8,80.14,299,739,7863
2025-06-18 08-59-21,12.8,80.15,299,739,7024
2025-06-18 08-59-21,12.8,80.16,299,738,7284
2025-06-18 08-59-21,12.8,80.17,299,703,7944
2025-06-18 08-59-21,12.8,80.18,308,703,7526
2025-06-18 08-59-21,12.8,80.19,310,828,6555
2025-06-18 08-59-21,12.8,80.2,312,1005,7071
2025-06-18 08-59-21,12.8,80.21,336,961,11040
2025-06-18 08-59-21,12.8,80.22,355,1067,11400
2025-06-18 08-59-21,12.8,80.23,351,834,10752
2025-06-18 08-59-21,12.8,80.24,331,896,9137
2025-06-18 08-59-21,12.8,80.25,300,834,5919
2025-06-18 08-59-21,12.8,80.26,322,703,4341
2025-06-18 08-59-21,12.8,80.27,304,1119,2580
2025-06-18 08-59-21,12.8,80.28,299,703,719
2025-06-18 08-59-21,12.8,80.29,299,703,615
2025-06-18 08-59-21,12.8,80.3,299,703,211
2025-06-18 08-59-21,12.8,80.31,299,703,211
2025-06-18 08-59-21,12.8,80.32,299,703,211
2025-06-18 08-59-21,12.8,80.33,299,703,211
2025-06-18 08-59-21,12.8,80.34,299,703,211
2025-06-18 08-59-21,12.8,80.35,299,703,211
2025-06-18 08-59-21,12.8,80.36,299,703,211
2025-06-18 08-59-21,12.8,80.37,299,703,211
2025-06-18 08-59-21,12.8,80.38,299,703,211
2025-06-18 08-59-21,12.8,80.39,299,703,211
2025-06-18 08-59-21,12.81,79.95,299,703,6974
2025-06-18 08-59-21,12.81,79.96,299,703,6527
2025-06-18 08-59-21,12.81,79.97,299,707,4760
2025-06-18 08-59-21,12.81,79.98,299,729,4795
2025-06-18 08-59-21,12.81,79.99,299,787,5215
2025-06-18 08-59-21,12.81,80,299,1328,7190
2025-06-18 08-59-21,12.81,80.01,299,1420,6031
2025-06-18 08-59-21,12.81,80.02,299,1381,5309
2025-06-18 08-59-21,12.81,80.03,299,1381,5479
2025-06-18 08-59-21,12.81,80.04,299,1456,4503
2025-06-18 08-59-21,12.81,80.05,299,1354,5964
2025-06-18 08-59-21,12.81,80.06,299,1353,6544
2025-06-18 08-59-21,12.81,80.07,299,849,6399
2025-06-18 08-59-21,12.81,80.08,299,703,4648
2025-06-18 08-59-21,12.81,80.09,299,705,5792
2025-06-18 08-59-21,12.81,80.1,299,705,7986
2025-06-18 08-59-21,12.81,80.11,299,764,9072
2025-06-18 08-59-21,12.81,80.12,299,703,7166
2025-06-18 08-59-21,12.81,80.13,299,707,7511
2025-06-18 08-59-21,12.81,80.14,299,710,8398
2025-06-18 08-59-21,12.81,80.15,299,821,10431
2025-06-18 08-59-21,12.81,80.16,299,824,10118
2025-06-18 08-59-21,12.81,80.17,299,753,9236
2025-06-18 08-59-21,12.81,80.18,299,751,8449
2025-06-18 08-59-21,12.81,80.19,301,745,7727
2025-06-18 08-59-21,12.81,80.2,301,840,8489
2025-06-18 08-59-21,12.81,80.21,302,842,11508
2025-06-18 08-59-21,12.81,80.22,308,839,11650
2025-06-18 08-59-21,12.81,80.23,370,885,9843
2025-06-18 08-59-21,12.81,80.24,361,876,8759
2025-06-18 08-59-21,12.81,80.25,362,874,6458
2025-06-18 08-59-21,12.81,80.26,303,1119,5196
2025-06-18 08-59-21,12.81,80.27,299,703,3402
2025-06-18 08-59-21,12.81,80.28,299,703,694
2025-06-18 08-59-21,12.81,80.29,299,703,615
2025-06-18 08-59-21,12.81,80.3,299,703,211
2025-06-18 08-59-21,12.81,80.31,299,703,211
2025-06-18 08-59-21,12.81,80.32,299,703,211
2025-06-18 08-59-21,12.81,80.33,299,703,211
2025-06-18 08-59-21,12.81,80.34,299,703,211
2025-06-18 08-59-21,12.81,80.35,299,703,211
2025-06-18 08-59-21,12.81,80.36,299,703,211
2025-06-18 08-59-21,12.81,80.37,299,703,211
2025-06-18 08-59-21,12.81,80.38,299,703,211
2025-06-18 08-59-21,12.81,80.39,299,703,211
2025-06-18 08-59-21,12.82,79.95,299,709,6910
2025-06-18 08-59-21,12.82,79.96,299,710,5609
2025-06-18 08-59-21,12.82,79.97,299,706,4877
2025-06-18 08-59-21,12.82,79.98,299,766,4772
2025-06-18 08-59-21,12.82,79.99,299,805,4790
2025-06-18 08-59-21,12.82,80,299,1262,4123
2025-06-18 08-59-21,12.82,80.01,299,2219,5204
2025-06-18 08-59-21,12.82,80.02,355,3225,6214
2025-06-18 08-59-21,12.82,80.03,353,2266,6039
2025-06-18 08-59-21,12.82,80.04,354,1944,6414
2025-06-18 08-59-21,12.82,80.05,300,1848,7956
2025-06-18 08-59-21,12.82,80.06,300,1779,7709
2025-06-18 08-59-21,12.82,80.07,300,1244,6850
2025-06-18 08-59-21,12.82,80.08,299,755,5564
2025-06-18 08-59-21,12.82,80.09,299,764,6064
2025-06-18 08-59-21,12.82,80.1,299,805,8944
2025-06-18 08-59-21,12.82,80.11,299,761,7838
2025-06-18 08-59-21,12.82,80.12,299,704,6712
2025-06-18 08-59-21,12.82,80.13,299,742,9657
2025-06-18 08-59-21,12.82,80.14,299,784,12484
2025-06-18 08-59-21,12.82,80.15,299,748,14506
2025-06-18 08-59-21,12.82,80.16,299,748,14152
2025-06-18 08-59-21,12.82,80.17,299,710,10052
2025-06-18 08-59-21,12.82,80.18,299,710,8659
2025-06-18 08-59-21,12.82,80.19,299,707,7328
2025-06-18 08-59-21,12.82,80.2,390,808,8129
2025-06-18 08-59-21,12.82,80.21,391,881,11100
2025-06-18 08-59-21,12.82,80.22,389,831,9174
2025-06-18 08-59-21,12.82,80.23,327,823,7911
2025-06-18 08-59-21,12.82,80.24,311,806,6959
2025-06-18 08-59-21,12.82,80.25,376,743,5979
2025-06-18 08-59-21,12.82,80.26,315,738,6083
2025-06-18 08-59-21,12.82,80.27,299,703,3044
2025-06-18 08-59-21,12.82,80.28,299,703,692
2025-06-18 08-59-21,12.82,80.29,299,703,615
2025-06-18 08-59-21,12.82,80.3,299,703,211
2025-06-18 08-59-21,12.82,80.31,299,703,211
2025-06-18 08-59-21,12.82,80.32,299,703,211
2025-06-18 08-59-21,12.82,80.33,299,703,211
2025-06-18 08-59-21,12.82,80.34,299,703,211
2025-06-18 08-59-21,12.82,80.35,299,703,211
2025-06-18 08-59-21,12.82,80.36,299,703,211
2025-06-18 08-59-21,12.82,80.37,299,703,211
2025-06-18 08-59-21,12.82,80.38,299,703,211
2025-06-18 08-59-21,12.82,80.39,299,703,211
2025-06-18 08-59-21,12.83,79.95,299,736,6228
2025-06-18 08-59-21,12.83,79.96,299,735,5107
2025-06-18 08-59-21,12.83,79.97,299,737,5114
2025-06-18 08-59-21,12.83,79.98,299,757,4501
2025-06-18 08-59-21,12.83,79.99,299,761,3866
2025-06-18 08-59-21,12.83,80,299,881,2647
2025-06-18 08-59-21,12.83,80.01,299,2157,2724
2025-06-18 08-59-21,12.83,80.02,353,3046,5047
2025-06-18 08-59-21,12.83,80.03,400,2062,6389
2025-06-18 08-59-21,12.83,80.04,382,2097,7744
2025-06-18 08-59-21,12.83,80.05,361,2010,8410
2025-06-18 08-59-21,12.83,80.06,358,2007,7859
2025-06-18 08-59-21,12.83,80.07,333,1436,6422
2025-06-18 08-59-21,12.83,80.08,303,765,5331
2025-06-18 08-59-21,12.83,80.09,306,815,5862
2025-06-18 08-59-21,12.83,80.1,299,805,8225
2025-06-18 08-59-21,12.83,80.11,299,809,8024
2025-06-18 08-59-21,12.83,80.12,299,753,8005
2025-06-18 08-59-21,12.83,80.13,299,753,9408
2025-06-18 08-59-21,12.83,80.14,299,795,12503
2025-06-18 08-59-21,12.83,80.15,299,800,13341
2025-06-18 08-59-21,12.83,80.16,299,786,11256
2025-06-18 08-59-21,12.83,80.17,299,790,9000
2025-06-18 08-59-21,12.83,80.18,299,749,8012
2025-06-18 08-59-21,12.83,80.19,299,751,7475
2025-06-18 08-59-21,12.83,80.2,395,711,8071
2025-06-18 08-59-21,12.83,80.21,395,742,8174
2025-06-18 08-59-21,12.83,80.22,396,732,7319
2025-06-18 08-59-21,12.83,80.23,340,703,6195
2025-06-18 08-59-21,12.83,80.24,336,703,6512
2025-06-18 08-59-21,12.83,80.25,336,1119,4676
2025-06-18 08-59-21,12.83,80.26,336,775,5459
2025-06-18 08-59-21,12.83,80.27,299,703,2180
2025-06-18 08-59-21,12.83,80.28,299,703,657
2025-06-18 08-59-21,12.83,80.29,299,703,615
2025-06-18 08-59-21,12.83,80.3,299,703,211
2025-06-18 08-59-21,12.83,80.31,299,703,211
2025-06-18 08-59-21,12.83,80.32,299,703,211
2025-06-18 08-59-21,12.83,80.33,299,703,211
2025-06-18 08-59-21,12.83,80.34,299,703,211
2025-06-18 08-59-21,12.83,80.35,299,703,211
2025-06-18 08-59-21,12.83,80.36,299,703,211
2025-06-18 08-59-21,12.83,80.37,299,703,211
2025-06-18 08-59-21,12.83,80.38,299,703,211
2025-06-18 08-59-21,12.83,80.39,299,703,211
2025-06-18 08-59-21,12.84,79.95,299,703,6703
2025-06-18 08-59-21,12.84,79.96,299,703,5628
2025-06-18 08-59-21,12.84,79.97,299,703,5959
2025-06-18 08-59-21,12.84,79.98,328,706,5520
2025-06-18 08-59-21,12.84,79.99,299,711,2428
2025-06-18 08-59-21,12.84,80,299,818,1826
2025-06-18 08-59-21,12.84,80.01,299,1544,2534
2025-06-18 08-59-21,12.84,80.02,299,3059,4818
2025-06-18 08-59-21,12.84,80.03,299,2014,5299
2025-06-18 08-59-21,12.84,80.04,306,2136,6645
2025-06-18 08-59-21,12.84,80.05,306,2120,8138
2025-06-18 08-59-21,12.84,80.06,299,1996,9401
2025-06-18 08-59-21,12.84,80.07,299,1752,7398
2025-06-18 08-59-21,12.84,80.08,299,820,7505
2025-06-18 08-59-21,12.84,80.09,335,776,6369
2025-06-18 08-59-21,12.84,80.1,299,759,7547
2025-06-18 08-59-21,12.84,80.11,309,937,8569
2025-06-18 08-59-21,12.84,80.12,309,971,9442
2025-06-18 08-59-21,12.84,80.13,310,930,10332
2025-06-18 08-59-21,12.84,80.14,318,923,12603
2025-06-18 08-59-21,12.84,80.15,305,768,11925
2025-06-18 08-59-21,12.84,80.16,308,798,10612
2025-06-18 08-59-21,12.84,80.17,305,770,9181
2025-06-18 08-59-21,12.84,80.18,299,766,7764
2025-06-18 08-59-21,12.84,80.19,299,724,6826
2025-06-18 08-59-21,12.84,80.2,361,745,5749
2025-06-18 08-59-21,12.84,80.21,408,806,7739
2025-06-18 08-59-21,12.84,80.22,404,820,7364
2025-06-18 08-59-21,12.84,80.23,407,798,6266
2025-06-18 08-59-21,12.84,80.24,404,796,6600
2025-06-18 08-59-21,12.84,80.25,402,744,5180
2025-06-18 08-59-21,12.84,80.26,397,759,5313
2025-06-18 08-59-21,12.84,80.27,299,716,2324
2025-06-18 08-59-21,12.84,80.28,299,703,645
2025-06-18 08-59-21,12.84,80.29,299,703,615
2025-06-18 08-59-21,12.84,80.3,299,703,211
2025-06-18 08-59-21,12.84,80.31,299,703,211
2025-06-18 08-59-21,12.84,80.32,299,703,211
2025-06-18 08-59-21,12.84,80.33,299,703,211
2025-06-18 08-59-21,12.84,80.34,299,703,211
2025-06-18 08-59-21,12.84,80.35,299,703,211
2025-06-18 08-59-21,12.84,80.36,299,703,211
2025-06-18 08-59-21,12.84,80.37,299,703,211
2025-06-18 08-59-21,12.84,80.38,299,703,211
2025-06-18 08-59-21,12.84,80.39,299,703,211
2025-06-18 08-59-21,12.85,79.95,299,703,10176
2025-06-18 08-59-21,12.85,79.96,299,703,8703
2025-06-18 08-59-21,12.85,79.97,299,703,7625
2025-06-18 08-59-21,12.85,79.98,299,703,4050
2025-06-18 08-59-21,12.85,79.99,299,703,2981
2025-06-18 08-59-21,12.85,80,299,705,3209
2025-06-18 08-59-21,12.85,80.01,299,718,3003
2025-06-18 08-59-21,12.85,80.02,299,1197,3347
2025-06-18 08-59-21,12.85,80.03,299,923,3463
2025-06-18 08-59-21,12.85,80.04,301,1226,4702
2025-06-18 08-59-21,12.85,80.05,301,1251,6351
2025-06-18 08-59-21,12.85,80.06,322,1185,7436
2025-06-18 08-59-21,12.85,80.07,322,1145,7614
2025-06-18 08-59-21,12.85,80.08,344,1097,6210
2025-06-18 08-59-21,12.85,80.09,377,1015,6748
2025-06-18 08-59-21,12.85,80.1,418,1041,8469
2025-06-18 08-59-21,12.85,80.11,422,1190,9414
2025-06-18 08-59-21,12.85,80.12,373,985,9285
2025-06-18 08-59-21,12.85,80.13,310,933,8779
2025-06-18 08-59-21,12.85,80.14,309,844,10174
2025-06-18 08-59-21,12.85,80.15,299,718,10445
2025-06-18 08-59-21,12.85,80.16,299,718,9182
2025-06-18 08-59-21,12.85,80.17,299,714,8826
2025-06-18 08-59-21,12.85,80.18,299,713,6286
2025-06-18 08-59-21,12.85,80.19,300,945,4979
2025-06-18 08-59-21,12.85,80.2,311,1340,6311
2025-06-18 08-59-21,12.85,80.21,316,1587,8209
2025-06-18 08-59-21,12.85,80.22,311,1480,8134
2025-06-18 08-59-21,12.85,80.23,313,1262,6767
2025-06-18 08-59-21,12.85,80.24,337,1340,6663
2025-06-18 08-59-21,12.85,80.25,342,1208,4880
2025-06-18 08-59-21,12.85,80.26,329,975,5075
2025-06-18 08-59-21,12.85,80.27,299,745,2666
2025-06-18 08-59-21,12.85,80.28,299,703,1058
2025-06-18 08-59-21,12.85,80.29,299,703,663
2025-06-18 08-59-21,12.85,80.3,299,703,211
2025-06-18 08-59-21,12.85,80.31,299,703,211
2025-06-18 08-59-21,12.85,80.32,299,703,211
2025-06-18 08-59-21,12.85,80.33,299,703,211
2025-06-18 08-59-21,12.85,80.34,299,703,211
2025-06-18 08-59-21,12.85,80.35,299,703,211
2025-06-18 08-59-21,12.85,80.36,299,703,211
2025-06-18 08-59-21,12.85,80.37,299,703,211
2025-06-18 08-59-21,12.85,80.38,299,703,211
2025-06-18 08-59-21,12.85,80.39,299,703,211
2025-06-18 08-59-21,12.86,79.95,299,703,11126
2025-06-18 08-59-21,12.86,79.96,299,703,12480
2025-06-18 08-59-21,12.86,79.97,299,703,10593
2025-06-18 08-59-21,12.86,79.98,299,704,7076
2025-06-18 08-59-21,12.86,79.99,299,704,4686
2025-06-18 08-59-21,12.86,80,299,704,3877
2025-06-18 08-59-21,12.86,80.01,299,712,3557
2025-06-18 08-59-21,12.86,80.02,299,721,3090
2025-06-18 08-59-21,12.86,80.03,299,1222,2545
2025-06-18 08-59-21,12.86,80.04,345,1005,4414
2025-06-18 08-59-21,12.86,80.05,368,1325,6376
2025-06-18 08-59-21,12.86,80.06,322,1528,7785
2025-06-18 08-59-21,12.86,80.07,380,1578,8034
2025-06-18 08-59-21,12.86,80.08,355,1618,8085
2025-06-18 08-59-21,12.86,80.09,509,1520,9316
2025-06-18 08-59-21,12.86,80.1,456,1389,9864
2025-06-18 08-59-21,12.86,80.11,503,1214,8751
2025-06-18 08-59-21,12.86,80.12,359,980,7526
2025-06-18 08-59-21,12.86,80.13,299,883,5577
2025-06-18 08-59-21,12.86,80.14,299,910,6618
2025-06-18 08-59-21,12.86,80.15,299,882,7070
2025-06-18 08-59-21,12.86,80.16,299,886,7271
2025-06-18 08-59-21,12.86,80.17,299,880,6323
2025-06-18 08-59-21,12.86,80.18,299,703,4437
2025-06-18 08-59-21,12.86,80.19,299,1047,4137
2025-06-18 08-59-21,12.86,80.2,335,1490,5827
2025-06-18 08-59-21,12.86,80.21,339,1699,7361
2025-06-18 08-59-21,12.86,80.22,311,1666,7593
2025-06-18 08-59-21,12.86,80.23,313,1142,6313
2025-06-18 08-59-21,12.86,80.24,311,1092,7243
2025-06-18 08-59-21,12.86,80.25,314,1043,5069
2025-06-18 08-59-21,12.86,80.26,299,1125,4898
2025-06-18 08-59-21,12.86,80.27,299,775,2299
2025-06-18 08-59-21,12.86,80.28,299,703,809
2025-06-18 08-59-21,12.86,80.29,299,703,663
2025-06-18 08-59-21,12.86,80.3,299,703,211
2025-06-18 08-59-21,12.86,80.31,299,703,211
2025-06-18 08-59-21,12.86,80.32,299,703,211
2025-06-18 08-59-21,12.86,80.33,299,703,211
2025-06-18 08-59-21,12.86,80.34,299,703,211
2025-06-18 08-59-21,12.86,80.35,299,703,211
2025-06-18 08-59-21,12.86,80.36,299,703,211
2025-06-18 08-59-21,12.86,80.37,299,703,211
2025-06-18 08-59-21,12.86,80.38,299,703,211
2025-06-18 08-59-21,12.86,80.39,299,703,211
2025-06-18 08-59-21,12.87,79.95,299,703,8987
2025-06-18 08-59-21,12.87,79.96,299,703,10697
2025-06-18 08-59-21,12.87,79.97,299,703,11875
2025-06-18 08-59-21,12.87,79.98,299,703,8521
2025-06-18 08-59-21,12.87,79.99,299,703,6635
2025-06-18 08-59-21,12.87,80,438,704,5555
2025-06-18 08-59-21,12.87,80.01,438,705,4623
2025-06-18 08-59-21,12.87,80.02,299,704,4095
2025-06-18 08-59-21,12.87,80.03,299,1120,3113
2025-06-18 08-59-21,12.87,80.04,301,817,4264
2025-06-18 08-59-21,12.87,80.05,487,1338,8830
2025-06-18 08-59-21,12.87,80.06,452,1342,10356
2025-06-18 08-59-21,12.87,80.07,449,1341,9644
2025-06-18 08-59-21,12.87,80.08,451,1108,9635
2025-06-18 08-59-21,12.87,80.09,518,1258,9450
2025-06-18 08-59-21,12.87,80.1,525,1257,9629
2025-06-18 08-59-21,12.87,80.11,496,1063,7298
2025-06-18 08-59-21,12.87,80.12,503,1053,5616
2025-06-18 08-59-21,12.87,80.13,497,1050,5122
2025-06-18 08-59-21,12.87,80.14,505,1097,7438
2025-06-18 08-59-21,12.87,80.15,507,1068,6916
2025-06-18 08-59-21,12.87,80.16,310,827,6616
2025-06-18 08-59-21,12.87,80.17,309,811,6177
2025-06-18 08-59-21,12.87,80.18,299,703,4519
2025-06-18 08-59-21,12.87,80.19,299,1047,4471
2025-06-18 08-59-21,12.87,80.2,315,1633,5857
2025-06-18 08-59-21,12.87,80.21,315,2260,6205
2025-06-18 08-59-21,12.87,80.22,315,2656,7237
2025-06-18 08-59-21,12.87,80.23,315,2507,5944
2025-06-18 08-59-21,12.87,80.24,315,2499,6304
2025-06-18 08-59-21,12.87,80.25,315,2280,4637
2025-06-18 08-59-21,12.87,80.26,315,1682,4313
2025-06-18 08-59-21,12.87,80.27,299,1283,1632
2025-06-18 08-59-21,12.87,80.28,299,1199,1209
2025-06-18 08-59-21,12.87,80.29,299,1119,259
2025-06-18 08-59-21,12.87,80.3,299,703,211
2025-06-18 08-59-21,12.87,80.31,299,703,211
2025-06-18 08-59-21,12.87,80.32,299,703,211
2025-06-18 08-59-21,12.87,80.33,299,703,211
2025-06-18 08-59-21,12.87,80.34,299,703,211
2025-06-18 08-59-21,12.87,80.35,299,703,211
2025-06-18 08-59-21,12.87,80.36,299,703,211
2025-06-18 08-59-21,12.87,80.37,299,703,211
2025-06-18 08-59-21,12.87,80.38,299,703,211
2025-06-18 08-59-21,12.87,80.39,299,703,211
2025-06-18 08-59-21,12.88,79.95,299,703,7509
2025-06-18 08-59-21,12.88,79.96,299,703,9371
2025-06-18 08-59-21,12.88,79.97,299,703,8479
2025-06-18 08-59-21,12.88,79.98,299,706,7384
2025-06-18 08-59-21,12.88,79.99,438,706,7552
2025-06-18 08-59-21,12.88,80,438,1199,7088
2025-06-18 08-59-21,12.88,80.01,438,1642,7008
2025-06-18 08-59-21,12.88,80.02,299,1643,5773
2025-06-18 08-59-21,12.88,80.03,299,1962,4257
2025-06-18 08-59-21,12.88,80.04,307,1108,7298
2025-06-18 08-59-21,12.88,80.05,529,1663,12441
2025-06-18 08-59-21,12.88,80.06,493,1844,14117
2025-06-18 08-59-21,12.88,80.07,485,1653,13209
2025-06-18 08-59-21,12.88,80.08,485,1574,12817
2025-06-18 08-59-21,12.88,80.09,569,1472,12787
2025-06-18 08-59-21,12.88,80.1,561,1614,12217
2025-06-18 08-59-21,12.88,80.11,536,1529,9765
2025-06-18 08-59-21,12.88,80.12,375,1314,6158
2025-06-18 08-59-21,12.88,80.13,372,1010,5041
2025-06-18 08-59-21,12.88,80.14,491,990,5997
2025-06-18 08-59-21,12.88,80.15,740,765,6542
2025-06-18 08-59-21,12.88,80.16,682,712,6916
2025-06-18 08-59-21,12.88,80.17,682,712,6256
2025-06-18 08-59-21,12.88,80.18,299,1128,3582
2025-06-18 08-59-21,12.88,80.19,299,1386,3418
2025-06-18 08-59-21,12.88,80.2,521,2240,4908
2025-06-18 08-59-21,12.88,80.21,520,2507,5602
2025-06-18 08-59-21,12.88,80.22,516,2950,7181
2025-06-18 08-59-21,12.88,80.23,384,2559,7133
2025-06-18 08-59-21,12.88,80.24,421,2547,6829
2025-06-18 08-59-21,12.88,80.25,376,2022,5336
2025-06-18 08-59-21,12.88,80.26,515,2064,5206
2025-06-18 08-59-21,12.88,80.27,299,1251,3901
2025-06-18 08-59-21,12.88,80.28,360,737,2564
2025-06-18 08-59-21,12.88,80.29,299,703,841
2025-06-18 08-59-21,12.88,80.3,299,703,615
2025-06-18 08-59-21,12.88,80.31,299,703,211
2025-06-18 08-59-21,12.88,80.32,299,703,211
2025-06-18 08-59-21,12.88,80.33,299,703,211
2025-06-18 08-59-21,12.88,80.34,299,703,211
2025-06-18 08-59-21,12.88,80.35,299,703,211
2025-06-18 08-59-21,12.88,80.36,299,703,211
2025-06-18 08-59-21,12.88,80.37,299,703,211
2025-06-18 08-59-21,12.88,80.38,299,703,211
2025-06-18 08-59-21,12.88,80.39,299,703,211
2025-06-18 08-59-21,12.89,79.95,299,703,5312
2025-06-18 08-59-21,12.89,79.96,299,703,6224
2025-06-18 08-59-21,12.89,79.97,299,703,5142
2025-06-18 08-59-21,12.89,79.98,299,713,4803
2025-06-18 08-59-21,12.89,79.99,438,716,5404
2025-06-18 08-59-21,12.89,80,438,1206,6838
2025-06-18 08-59-21,12.89,80.01,438,1519,7930
2025-06-18 08-59-21,12.89,80.02,438,1519,7633
2025-06-18 08-59-21,12.89,80.03,438,1483,7817
2025-06-18 08-59-21,12.89,80.04,439,1378,11727
2025-06-18 08-59-21,12.89,80.05,441,1485,13839
2025-06-18 08-59-21,12.89,80.06,394,2450,15601
2025-06-18 08-59-21,12.89,80.07,395,2137,13682
2025-06-18 08-59-21,12.89,80.08,394,2034,13752
2025-06-18 08-59-21,12.89,80.09,393,1596,13189
2025-06-18 08-59-21,12.89,80.1,395,1503,11944
2025-06-18 08-59-21,12.89,80.11,335,992,8936
2025-06-18 08-59-21,12.89,80.12,299,1213,5309
2025-06-18 08-59-21,12.89,80.13,299,705,5315
2025-06-18 08-59-21,12.89,80.14,299,706,4287
2025-06-18 08-59-21,12.89,80.15,299,1216,4986
2025-06-18 08-59-21,12.89,80.16,682,801,5765
2025-06-18 08-59-21,12.89,80.17,900,800,6233
2025-06-18 08-59-21,12.89,80.18,586,1220,5429
2025-06-18 08-59-21,12.89,80.19,1124,803,5049
2025-06-18 08-59-21,12.89,80.2,1037,2076,7482
2025-06-18 08-59-21,12.89,80.21,777,2081,7078
2025-06-18 08-59-21,12.89,80.22,749,2482,8908
2025-06-18 08-59-21,12.89,80.23,1096,1616,8348
2025-06-18 08-59-21,12.89,80.24,971,1536,7814
2025-06-18 08-59-21,12.89,80.25,520,1959,6254
2025-06-18 08-59-21,12.89,80.26,609,2327,5417
2025-06-18 08-59-21,12.89,80.27,299,1551,3156
2025-06-18 08-59-21,12.89,80.28,359,1099,2392
2025-06-18 08-59-21,12.89,80.29,299,703,680
